Time,Open,High,Low,Close,Volume
2025-12-08 02:00:00,4196.60,4205.02,4195.30,4201.43,3974
2025-12-08 03:00:00,4201.75,4211.61,4199.39,4210.66,9941
2025-12-08 04:00:00,4210.65,4211.69,4197.50,4201.13,16970
2025-12-08 05:00:00,4201.03,4212.36,4198.52,4208.50,13639
2025-12-08 06:00:00,4208.50,4213.04,4206.68,4210.05,9859
2025-12-08 07:00:00,4210.08,4213.15,4206.96,4208.44,5329
2025-12-08 08:00:00,4208.45,4217.20,4204.56,4217.07,9787
2025-12-08 09:00:00,4217.01,4218.87,4212.17,4216.99,11630
2025-12-08 10:00:00,4217.23,4217.40,4206.34,4206.88,11042
2025-12-08 11:00:00,4206.90,4216.56,4203.13,4209.71,11643
2025-12-08 12:00:00,4209.27,4212.71,4204.25,4208.01,10666
2025-12-08 13:00:00,4208.00,4210.37,4201.12,4203.56,8733
2025-12-08 14:00:00,4203.40,4214.17,4199.66,4208.56,10139
2025-12-08 15:00:00,4208.66,4215.38,4208.49,4213.79,9416
2025-12-08 16:00:00,4213.75,4214.67,4197.90,4201.65,16789
2025-12-08 17:00:00,4201.91,4211.48,4195.63,4196.53,17666
2025-12-08 18:00:00,4196.41,4196.65,4176.44,4182.96,18640
2025-12-08 19:00:00,4182.92,4197.92,4177.10,4191.51,16130
2025-12-08 20:00:00,4191.63,4195.57,4185.52,4194.89,13198
2025-12-08 21:00:00,4195.44,4195.66,4184.36,4187.14,12759
2025-12-08 22:00:00,4186.98,4188.86,4184.15,4187.02,10817
2025-12-08 23:00:00,4187.02,4195.48,4184.95,4191.56,11391
2025-12-09 00:00:00,4191.65,4193.24,4188.28,4190.66,3675
2025-12-09 02:00:00,4191.60,4195.29,4190.67,4194.69,4194
2025-12-09 03:00:00,4194.64,4195.60,4189.94,4190.35,5635
2025-12-09 04:00:00,4190.34,4197.29,4188.80,4196.24,11839
2025-12-09 05:00:00,4196.15,4197.19,4185.97,4189.93,11275
2025-12-09 06:00:00,4189.97,4198.83,4189.93,4194.46,10309
2025-12-09 07:00:00,4194.47,4195.64,4184.64,4186.90,8859
2025-12-09 08:00:00,4186.77,4187.35,4178.11,4179.87,12341
2025-12-09 09:00:00,4179.93,4184.02,4170.02,4182.22,13545
2025-12-09 10:00:00,4182.01,4185.75,4175.95,4182.41,12387
2025-12-09 11:00:00,4182.74,4191.80,4182.73,4191.72,11541
2025-12-09 12:00:00,4191.77,4212.88,4190.86,4203.11,15505
2025-12-09 13:00:00,4203.08,4208.37,4201.30,4203.93,11556
2025-12-09 14:00:00,4204.09,4206.48,4201.20,4203.08,8764
2025-12-09 15:00:00,4203.07,4207.53,4198.53,4204.28,9414
2025-12-09 16:00:00,4204.30,4208.24,4195.70,4201.37,16351
2025-12-09 17:00:00,4201.33,4210.37,4189.52,4204.58,17888
2025-12-09 18:00:00,4204.42,4216.40,4190.02,4212.61,19204
2025-12-09 19:00:00,4213.22,4221.27,4210.18,4212.30,18369
2025-12-09 20:00:00,4212.28,4216.24,4201.61,4203.09,15500
2025-12-09 21:00:00,4202.96,4209.70,4201.35,4209.00,13073
2025-12-09 22:00:00,4208.82,4214.39,4207.16,4212.55,11393
2025-12-09 23:00:00,4212.52,4216.04,4209.03,4212.11,12162
2025-12-10 00:00:00,4212.25,4212.90,4207.23,4208.21,6756
2025-12-10 02:00:00,4210.07,4212.90,4207.87,4210.87,4561
2025-12-10 03:00:00,4210.85,4212.59,4207.04,4208.40,6306
2025-12-10 04:00:00,4208.29,4217.99,4206.91,4213.85,13856
2025-12-10 05:00:00,4213.81,4218.77,4211.60,4217.12,10172
2025-12-10 06:00:00,4216.99,4217.17,4203.63,4206.36,9724
2025-12-10 07:00:00,4206.34,4209.58,4205.45,4207.02,5915
2025-12-10 08:00:00,4206.84,4214.42,4201.81,4211.32,9771
2025-12-10 09:00:00,4211.25,4211.74,4203.12,4207.40,11506
2025-12-10 10:00:00,4207.62,4209.23,4203.18,4203.29,7810
2025-12-10 11:00:00,4203.28,4206.49,4197.06,4197.96,11046
2025-12-10 12:00:00,4197.55,4200.52,4192.59,4194.22,11213
2025-12-10 13:00:00,4194.25,4196.33,4187.78,4193.26,10859
2025-12-10 14:00:00,4193.32,4197.75,4192.60,4197.23,8717
2025-12-10 15:00:00,4197.26,4202.15,4195.34,4196.24,9061
2025-12-10 16:00:00,4196.30,4205.06,4193.05,4200.73,15198
2025-12-10 17:00:00,4200.79,4206.93,4191.48,4192.52,17064
2025-12-10 18:00:00,4192.53,4201.15,4188.87,4193.69,17197
2025-12-10 19:00:00,4193.74,4205.06,4193.02,4204.76,14295
2025-12-10 20:00:00,4204.71,4204.77,4196.98,4199.71,12279
2025-12-10 21:00:00,4199.78,4200.82,4192.04,4194.57,11053
2025-12-10 22:00:00,4194.62,4219.80,4182.01,4216.60,20793
2025-12-10 23:00:00,4216.33,4238.75,4211.15,4230.05,19432
2025-12-11 00:00:00,4229.67,4232.44,4221.16,4228.60,8644
2025-12-11 02:00:00,4230.16,4234.05,4223.98,4232.41,5895
2025-12-11 03:00:00,4232.38,4245.17,4231.33,4237.03,10865
2025-12-11 04:00:00,4237.20,4247.65,4232.93,4238.31,15481
2025-12-11 05:00:00,4238.26,4240.74,4220.39,4222.30,13725
2025-12-11 06:00:00,4221.78,4224.95,4209.29,4216.68,13678
2025-12-11 07:00:00,4216.68,4218.30,4208.46,4213.53,9663
2025-12-11 08:00:00,4213.58,4216.24,4206.09,4207.52,10696
2025-12-11 09:00:00,4207.69,4215.39,4204.30,4214.47,11891
2025-12-11 10:00:00,4214.50,4218.41,4210.60,4215.98,9589
2025-12-11 11:00:00,4216.06,4219.62,4212.88,4216.53,10944
2025-12-11 12:00:00,4216.58,4221.41,4210.54,4218.47,9843
2025-12-11 13:00:00,4218.67,4225.94,4211.65,4216.94,10848
2025-12-11 14:00:00,4216.96,4219.06,4209.85,4211.25,8526
2025-12-11 15:00:00,4211.27,4220.51,4208.71,4220.51,10791
2025-12-11 16:00:00,4220.79,4223.38,4205.23,4220.99,16469
2025-12-11 17:00:00,4221.07,4244.40,4218.07,4230.54,18586
2025-12-11 18:00:00,4230.10,4261.37,4226.23,4255.95,19457
2025-12-11 19:00:00,4255.96,4278.92,4250.06,4273.67,18476
2025-12-11 20:00:00,4273.81,4281.79,4272.18,4278.72,16687
2025-12-11 21:00:00,4278.71,4285.94,4266.66,4268.15,14611
2025-12-11 22:00:00,4267.85,4274.63,4263.09,4273.14,7507
2025-12-12 02:00:00,4282.10,4283.58,4272.80,4276.28,6319
2025-12-12 03:00:00,4276.22,4280.14,4268.89,4269.40,8561
2025-12-12 04:00:00,4269.43,4276.24,4264.57,4271.12,15455
2025-12-12 05:00:00,4270.94,4276.87,4269.39,4270.41,12209
2025-12-12 06:00:00,4270.40,4274.66,4268.78,4270.60,8710
2025-12-12 07:00:00,4270.59,4271.01,4266.24,4266.42,7605
2025-12-12 08:00:00,4266.44,4280.52,4266.11,4278.97,10761
2025-12-12 09:00:00,4278.93,4283.26,4276.60,4282.83,9972
2025-12-12 10:00:00,4282.76,4290.39,4281.58,4287.07,9656
2025-12-12 11:00:00,4287.00,4309.38,4286.98,4308.07,13264
2025-12-12 12:00:00,4308.00,4320.23,4306.95,4318.29,14214
2025-12-12 13:00:00,4318.36,4330.93,4314.76,4329.86,12992
2025-12-12 14:00:00,4330.11,4339.27,4326.93,4336.29,12994
2025-12-12 15:00:00,4336.35,4339.10,4324.88,4325.80,13186
2025-12-12 16:00:00,4326.27,4346.08,4321.37,4341.04,17142
2025-12-12 17:00:00,4340.92,4353.64,4331.07,4347.16,18968
2025-12-12 18:00:00,4347.12,4351.49,4283.09,4290.43,21372
2025-12-12 19:00:00,4289.81,4296.48,4257.79,4281.92,21395
2025-12-12 20:00:00,4281.95,4298.33,4271.08,4294.24,19119
2025-12-12 21:00:00,4294.26,4303.58,4290.55,4294.87,16850
2025-12-12 22:00:00,4294.92,4299.76,4289.87,4296.54,14512
2025-12-12 23:00:00,4296.34,4302.93,4288.54,4299.42,14523
2025-12-13 00:00:00,4299.51,4304.18,4297.83,4299.68,6406
2025-12-15 02:00:00,4294.86,4308.19,4294.44,4302.40,7791
2025-12-15 03:00:00,4302.44,4308.03,4300.12,4307.47,8042
2025-12-15 04:00:00,4307.57,4325.65,4305.74,4322.52,15018
2025-12-15 05:00:00,4322.31,4329.21,4320.94,4326.46,12301
2025-12-15 06:00:00,4326.34,4329.67,4319.44,4327.10,12043
2025-12-15 07:00:00,4327.01,4329.89,4322.87,4326.06,8746
2025-12-15 08:00:00,4326.20,4344.37,4324.78,4343.63,11985
2025-12-15 09:00:00,4343.58,4347.31,4339.71,4343.55,12599
2025-12-15 10:00:00,4342.92,4344.73,4333.72,4339.22,10912
2025-12-15 11:00:00,4339.01,4348.96,4338.88,4347.06,11010
2025-12-15 12:00:00,4346.91,4350.25,4342.35,4342.58,11331
2025-12-15 13:00:00,4342.76,4348.26,4337.82,4339.65,9614
2025-12-15 14:00:00,4339.62,4343.66,4335.23,4342.76,8426
2025-12-15 15:00:00,4342.75,4348.24,4342.72,4345.71,9839
2025-12-15 16:00:00,4346.00,4346.26,4330.92,4332.15,16430
2025-12-15 17:00:00,4332.20,4336.71,4317.98,4323.88,18954
2025-12-15 18:00:00,4323.67,4327.85,4311.72,4318.18,19834
2025-12-15 19:00:00,4318.27,4318.75,4285.33,4297.58,20068
2025-12-15 20:00:00,4297.54,4306.49,4290.71,4304.44,16882
2025-12-15 21:00:00,4304.37,4313.67,4300.02,4313.13,14471
2025-12-15 22:00:00,4313.14,4317.77,4307.90,4314.14,13909
2025-12-15 23:00:00,4313.80,4314.36,4299.46,4304.38,13576
2025-12-16 00:00:00,4304.46,4305.75,4300.67,4305.05,5174
2025-12-16 02:00:00,4307.88,4309.75,4303.31,4304.10,5302
2025-12-16 03:00:00,4304.25,4313.24,4302.77,4307.79,9373
2025-12-16 04:00:00,4308.05,4317.77,4299.12,4308.78,15444
2025-12-16 05:00:00,4308.78,4312.19,4286.66,4289.66,14206
2025-12-16 06:00:00,4289.76,4294.46,4280.75,4290.91,15450
2025-12-16 07:00:00,4290.85,4292.27,4286.64,4289.05,8012
2025-12-16 08:00:00,4289.04,4292.19,4271.37,4284.13,13676
2025-12-16 09:00:00,4284.24,4292.14,4282.61,4289.26,12338
2025-12-16 10:00:00,4289.28,4289.91,4279.62,4287.65,10266
2025-12-16 11:00:00,4287.44,4289.38,4275.52,4284.68,11110
2025-12-16 12:00:00,4285.45,4285.93,4276.44,4280.42,9698
2025-12-16 13:00:00,4280.45,4284.36,4274.85,4277.27,10186
2025-12-16 14:00:00,4277.14,4279.48,4273.80,4278.46,8978
2025-12-16 15:00:00,4278.49,4294.85,4276.75,4294.48,12615
2025-12-16 16:00:00,4294.83,4313.24,4290.86,4313.05,17620
2025-12-16 17:00:00,4313.06,4331.92,4311.38,4324.50,19496
2025-12-16 18:00:00,4324.55,4335.02,4312.45,4319.45,19887
2025-12-16 19:00:00,4319.68,4323.25,4291.25,4300.59,18524
2025-12-16 20:00:00,4300.61,4310.82,4300.16,4303.66,15184
2025-12-16 21:00:00,4303.41,4313.47,4298.19,4311.30,15473
2025-12-16 22:00:00,4311.29,4315.91,4297.03,4310.67,14769
2025-12-16 23:00:00,4310.61,4314.46,4302.79,4304.86,11391
2025-12-17 00:00:00,4304.68,4305.48,4300.78,4302.30,4371
2025-12-17 02:00:00,4301.69,4309.06,4301.69,4307.80,4191
2025-12-17 03:00:00,4307.91,4315.02,4307.47,4313.19,6087
2025-12-17 04:00:00,4313.23,4326.67,4311.39,4326.61,16581
2025-12-17 05:00:00,4326.98,4327.70,4311.23,4314.20,14994
2025-12-17 06:00:00,4314.24,4325.14,4312.64,4323.75,13596
2025-12-17 07:00:00,4323.98,4331.51,4320.68,4329.59,9561
2025-12-17 08:00:00,4329.71,4342.32,4328.08,4333.93,14192
2025-12-17 09:00:00,4334.03,4337.71,4324.85,4328.64,12586
2025-12-17 10:00:00,4328.62,4328.73,4315.52,4317.97,12303
2025-12-17 11:00:00,4317.34,4320.89,4308.44,4319.16,13068
2025-12-17 12:00:00,4319.07,4323.25,4315.90,4316.93,9893
2025-12-17 13:00:00,4316.89,4322.28,4304.25,4317.65,10074
2025-12-17 14:00:00,4317.69,4320.53,4315.19,4316.38,8645
2025-12-17 15:00:00,4316.58,4323.14,4314.99,4317.57,10268
2025-12-17 16:00:00,4317.52,4344.09,4315.10,4342.09,17114
2025-12-17 17:00:00,4342.37,4346.03,4322.98,4338.31,20349
2025-12-17 18:00:00,4338.35,4348.85,4324.32,4330.21,20314
2025-12-17 19:00:00,4330.39,4337.59,4320.39,4333.52,19295
2025-12-17 20:00:00,4333.58,4342.38,4328.47,4342.38,17190
2025-12-17 21:00:00,4342.43,4346.39,4328.97,4336.08,17253
2025-12-17 22:00:00,4336.11,4340.99,4330.30,4337.04,12655
2025-12-17 23:00:00,4337.15,4345.96,4335.21,4341.35,12693
2025-12-18 00:00:00,4341.45,4346.17,4337.59,4338.14,5945
2025-12-18 02:00:00,4336.35,4342.88,4335.69,4339.18,6455
2025-12-18 03:00:00,4339.08,4342.88,4333.06,4334.72,9443
2025-12-18 04:00:00,4334.71,4336.93,4324.56,4331.50,15330
2025-12-18 05:00:00,4331.51,4337.65,4329.86,4333.21,12437
2025-12-18 06:00:00,4333.18,4336.63,4330.93,4333.04,11785
2025-12-18 07:00:00,4333.10,4333.52,4328.65,4331.88,8032
2025-12-18 08:00:00,4332.01,4337.35,4331.06,4333.15,11042
2025-12-18 09:00:00,4333.24,4336.13,4330.72,4334.01,10752
2025-12-18 10:00:00,4333.98,4337.66,4330.05,4331.47,8887
2025-12-18 11:00:00,4330.92,4332.51,4322.11,4326.55,11106
2025-12-18 12:00:00,4326.21,4328.61,4320.84,4323.38,10825
2025-12-18 13:00:00,4323.39,4327.51,4322.05,4325.33,8858
2025-12-18 14:00:00,4325.42,4328.64,4324.36,4325.55,7380
2025-12-18 15:00:00,4325.56,4326.54,4317.37,4320.83,10447
2025-12-18 16:00:00,4320.09,4342.91,4314.50,4336.59,17792
2025-12-18 17:00:00,4336.01,4341.42,4308.82,4328.46,19744
2025-12-18 18:00:00,4328.54,4341.49,4325.05,4338.18,19779
2025-12-18 19:00:00,4338.24,4374.51,4337.81,4360.38,19148
2025-12-18 20:00:00,4360.33,4363.45,4322.04,4333.22,19574
2025-12-18 21:00:00,4333.32,4341.27,4325.75,4331.78,16297
2025-12-18 22:00:00,4331.73,4334.59,4322.93,4325.00,15830
2025-12-18 23:00:00,4325.05,4338.28,4324.63,4334.95,14162
2025-12-19 00:00:00,4334.93,4334.93,4328.60,4332.57,4952
2025-12-19 02:00:00,4334.59,4336.82,4333.67,4335.22,4360
2025-12-19 03:00:00,4335.20,4335.62,4325.67,4325.99,7260
2025-12-19 04:00:00,4326.00,4328.35,4309.25,4323.35,16079
2025-12-19 05:00:00,4323.38,4328.00,4314.06,4316.68,11138
2025-12-19 06:00:00,4316.64,4322.42,4312.65,4318.02,10649
2025-12-19 07:00:00,4318.03,4323.03,4316.97,4322.82,7416
2025-12-19 08:00:00,4322.98,4328.99,4317.68,4325.93,10654
2025-12-19 09:00:00,4325.96,4329.44,4321.67,4326.43,12218
2025-12-19 10:00:00,4326.33,4329.62,4321.80,4322.73,9933
2025-12-19 11:00:00,4322.70,4330.98,4321.13,4325.95,9883
2025-12-19 12:00:00,4325.93,4333.60,4324.45,4329.48,9350
2025-12-19 13:00:00,4329.49,4331.77,4322.41,4327.89,10051
2025-12-19 14:00:00,4327.90,4329.47,4325.21,4327.27,9291
2025-12-19 15:00:00,4327.40,4328.78,4320.64,4326.84,11259
2025-12-19 16:00:00,4326.95,4335.34,4326.06,4328.39,15562
2025-12-19 17:00:00,4328.34,4337.88,4319.76,4332.70,18235
2025-12-19 18:00:00,4332.68,4349.15,4332.22,4347.90,18846
2025-12-19 19:00:00,4347.96,4354.76,4342.02,4349.80,17160
2025-12-19 20:00:00,4349.46,4355.96,4347.00,4353.47,14185
2025-12-19 21:00:00,4353.40,4356.51,4343.24,4348.65,13785
2025-12-19 22:00:00,4348.69,4350.64,4345.16,4345.30,9622
2025-12-19 23:00:00,4345.28,4346.34,4336.90,4339.57,11897
2025-12-20 00:00:00,4339.54,4340.19,4336.34,4338.11,4217
2025-12-22 02:00:00,4338.55,4356.11,4338.17,4355.12,7871
2025-12-22 03:00:00,4355.31,4366.28,4355.31,4364.88,9310
2025-12-22 04:00:00,4364.96,4384.87,4361.23,4382.94,15728
2025-12-22 05:00:00,4382.82,4388.64,4378.55,4385.90,12731
2025-12-22 06:00:00,4385.99,4394.90,4384.20,4392.65,9513
2025-12-22 07:00:00,4392.62,4400.83,4391.39,4398.44,7726
2025-12-22 08:00:00,4398.02,4409.45,4396.86,4400.02,12801
2025-12-22 09:00:00,4400.15,4419.76,4398.93,4419.24,12838
2025-12-22 10:00:00,4418.92,4420.19,4410.50,4414.45,9699
2025-12-22 11:00:00,4414.16,4414.96,4406.29,4408.35,10446
2025-12-22 12:00:00,4408.40,4414.83,4408.16,4411.06,7065
2025-12-22 13:00:00,4410.99,4415.90,4406.16,4408.62,7455
2025-12-22 14:00:00,4408.67,4411.80,4406.13,4410.35,8185
2025-12-22 15:00:00,4410.00,4415.92,4406.27,4415.60,9934
2025-12-22 16:00:00,4415.82,4427.28,4413.56,4423.72,15245
2025-12-22 17:00:00,4424.12,4429.16,4414.76,4419.20,16269
2025-12-22 18:00:00,4419.28,4435.57,4412.22,4431.78,17284
2025-12-22 19:00:00,4431.80,4442.14,4428.12,4438.79,15127
2025-12-22 20:00:00,4438.80,4441.97,4432.04,4438.49,11536
2025-12-22 21:00:00,4438.98,4438.98,4429.51,4435.19,10176
2025-12-22 22:00:00,4435.22,4435.86,4428.86,4433.54,8456
2025-12-22 23:00:00,4433.49,4439.21,4431.81,4438.63,9714
2025-12-23 00:00:00,4438.65,4449.21,4438.60,4443.61,6724
2025-12-23 02:00:00,4448.04,4461.64,4447.60,4460.13,8319
2025-12-23 03:00:00,4460.06,4470.53,4458.08,4470.49,8558
2025-12-23 04:00:00,4470.48,4490.65,4469.60,4486.72,16686
2025-12-23 05:00:00,4486.71,4497.86,4481.19,4493.41,12911
2025-12-23 06:00:00,4493.52,4496.53,4482.93,4486.89,13766
2025-12-23 07:00:00,4486.98,4488.44,4478.84,4482.54,9232
2025-12-23 08:00:00,4482.52,4485.44,4474.88,4475.25,13217
2025-12-23 09:00:00,4474.79,4481.54,4469.49,4481.46,12009
2025-12-23 10:00:00,4481.07,4489.59,4478.41,4486.64,9751
2025-12-23 11:00:00,4486.74,4493.25,4484.90,4489.92,10491
2025-12-23 12:00:00,4490.04,4491.15,4478.29,4480.45,10734
2025-12-23 13:00:00,4480.47,4487.53,4479.60,4484.24,9349
2025-12-23 14:00:00,4484.32,4494.18,4483.12,4493.57,8862
2025-12-23 15:00:00,4493.55,4493.64,4483.34,4486.57,9639
2025-12-23 16:00:00,4486.21,4497.34,4473.34,4479.09,17398
2025-12-23 17:00:00,4478.83,4479.83,4441.25,4446.38,19400
2025-12-23 18:00:00,4444.61,4459.27,4430.64,4458.49,19624
2025-12-23 19:00:00,4458.50,4476.55,4455.92,4474.28,15851
2025-12-23 20:00:00,4474.41,4479.83,4469.86,4472.76,15522
2025-12-23 21:00:00,4472.95,4484.99,4472.71,4484.45,13147
2025-12-23 22:00:00,4484.06,4496.28,4484.06,4490.73,12229
2025-12-23 23:00:00,4490.74,4499.78,4489.52,4497.49,11221
2025-12-24 00:00:00,4497.55,4498.89,4483.55,4484.53,6775
2025-12-24 02:00:00,4486.89,4510.36,4485.87,4503.28,8512
2025-12-24 03:00:00,4503.26,4518.14,4500.66,4511.62,11466
2025-12-24 04:00:00,4511.77,4525.61,4507.24,4518.73,16889
2025-12-24 05:00:00,4518.68,4519.21,4474.83,4477.40,15410
2025-12-24 06:00:00,4478.19,4498.26,4471.32,4493.22,14107
2025-12-24 07:00:00,4493.34,4501.45,4491.17,4499.27,9685
2025-12-24 08:00:00,4499.15,4500.46,4485.31,4488.48,12909
2025-12-24 09:00:00,4488.46,4497.83,4485.34,4493.53,12929
2025-12-24 10:00:00,4493.55,4494.96,4483.49,4483.71,10075
2025-12-24 11:00:00,4483.86,4492.80,4478.17,4482.28,13299
2025-12-24 12:00:00,4483.16,4496.03,4482.11,4494.72,10635
2025-12-24 13:00:00,4494.75,4499.91,4482.52,4489.42,9062
2025-12-24 14:00:00,4489.46,4491.89,4483.11,4491.58,9270
2025-12-24 15:00:00,4491.52,4496.14,4489.82,4490.75,10859
2025-12-24 16:00:00,4490.83,4493.31,4474.58,4487.91,16570
2025-12-24 17:00:00,4487.96,4489.40,4460.59,4464.94,18506
2025-12-24 18:00:00,4464.86,4476.50,4448.40,4458.50,19778
2025-12-24 19:00:00,4458.53,4478.15,4456.10,4476.84,15864
2025-12-24 20:00:00,4476.81,4487.79,4475.52,4480.65,14907
2025-12-24 21:00:00,4480.68,4482.53,4477.34,4479.51,4865
2025-12-26 02:00:00,4503.39,4504.44,4481.98,4495.07,9617
2025-12-26 03:00:00,4494.74,4517.83,4492.22,4517.74,11506
2025-12-26 04:00:00,4517.79,4531.15,4497.62,4503.89,18345
2025-12-26 05:00:00,4503.83,4509.88,4492.40,4508.72,15681
2025-12-26 06:00:00,4508.65,4513.56,4497.55,4501.90,13448
2025-12-26 07:00:00,4501.75,4511.66,4500.52,4509.06,10101
2025-12-26 08:00:00,4509.04,4514.80,4506.04,4509.98,12018
2025-12-26 09:00:00,4509.90,4519.35,4508.19,4511.86,14281
2025-12-26 10:00:00,4511.67,4515.60,4506.89,4510.97,10245
2025-12-26 11:00:00,4511.03,4519.33,4509.65,4518.74,9589
2025-12-26 12:00:00,4518.83,4520.56,4511.88,4512.80,8559
2025-12-26 13:00:00,4512.76,4523.65,4511.52,4514.44,10683
2025-12-26 14:00:00,4514.43,4515.22,4503.13,4509.84,13186
2025-12-26 15:00:00,4509.81,4514.76,4506.68,4508.74,10501
2025-12-26 16:00:00,4508.72,4528.51,4503.85,4525.18,17004
2025-12-26 17:00:00,4525.27,4533.45,4513.13,4521.08,18233
2025-12-26 18:00:00,4521.29,4547.37,4519.62,4546.43,18861
2025-12-26 19:00:00,4546.66,4549.75,4531.42,4536.42,17332
2025-12-26 20:00:00,4536.48,4537.53,4510.15,4519.06,17485
2025-12-26 21:00:00,4519.05,4532.75,4515.05,4530.97,15751
2025-12-26 22:00:00,4530.94,4535.66,4520.23,4523.88,13409
2025-12-26 23:00:00,4523.92,4535.94,4521.68,4531.22,15236
2025-12-27 00:00:00,4531.28,4534.58,4526.99,4530.08,8996
2025-12-29 02:00:00,4549.44,4549.44,4521.91,4527.10,12766
2025-12-29 03:00:00,4527.40,4527.85,4470.85,4497.34,16854
2025-12-29 04:00:00,4497.32,4517.41,4492.21,4497.13,18678
2025-12-29 05:00:00,4497.07,4515.78,4496.24,4512.47,14971
2025-12-29 06:00:00,4512.42,4520.35,4509.44,4516.53,14142
2025-12-29 07:00:00,4516.46,4519.45,4507.98,4515.71,10232
2025-12-29 08:00:00,4515.52,4519.28,4505.10,4506.64,11973
2025-12-29 09:00:00,4506.77,4510.66,4471.24,4475.16,17647
2025-12-29 10:00:00,4475.08,4481.55,4444.34,4474.62,15539
2025-12-29 11:00:00,4473.37,4488.50,4452.52,4461.07,15643
2025-12-29 12:00:00,4461.07,4476.04,4459.11,4472.10,13652
2025-12-29 13:00:00,4472.09,4474.48,4457.26,4460.98,12090
2025-12-29 14:00:00,4460.95,4467.67,4434.31,4446.76,13180
2025-12-29 15:00:00,4446.79,4464.64,4445.77,4464.34,12955
2025-12-29 16:00:00,4464.29,4467.50,4406.92,4421.59,19506
2025-12-29 17:00:00,4421.13,4421.23,4357.21,4360.18,21013
2025-12-29 18:00:00,4360.17,4360.58,4303.03,4325.31,20491
2025-12-29 19:00:00,4325.23,4347.47,4323.45,4341.59,18579
2025-12-29 20:00:00,4341.84,4343.03,4315.09,4328.16,16974
2025-12-29 21:00:00,4328.83,4335.02,4322.88,4331.37,14872
2025-12-29 22:00:00,4331.73,4337.94,4327.65,4336.93,11663
2025-12-29 23:00:00,4336.77,4344.56,4325.99,4334.57,13865
2025-12-30 00:00:00,4334.19,4339.26,4327.89,4332.03,8061
2025-12-30 02:00:00,4337.15,4347.30,4323.54,4345.70,9607
2025-12-30 03:00:00,4346.06,4350.82,4334.57,4339.65,12034
2025-12-30 04:00:00,4339.66,4360.12,4324.58,4360.12,17427
2025-12-30 05:00:00,4360.44,4364.74,4348.93,4362.53,15274
2025-12-30 06:00:00,4362.65,4369.13,4356.18,4359.28,12868
2025-12-30 07:00:00,4359.39,4369.61,4357.56,4363.44,7395
2025-12-30 08:00:00,4363.72,4379.98,4358.78,4377.77,13197
2025-12-30 09:00:00,4377.70,4378.52,4359.92,4364.69,15752
2025-12-30 10:00:00,4364.58,4383.19,4359.25,4372.49,13137
2025-12-30 11:00:00,4372.35,4373.65,4350.22,4365.05,13103
2025-12-30 12:00:00,4365.09,4376.35,4364.19,4372.12,11665
2025-12-30 13:00:00,4372.06,4391.64,4367.63,4384.89,11921
2025-12-30 14:00:00,4385.58,4390.23,4381.19,4384.29,10769
2025-12-30 15:00:00,4384.27,4402.78,4383.47,4401.21,14102
2025-12-30 16:00:00,4401.74,4404.11,4376.37,4388.52,18565
2025-12-30 17:00:00,4388.47,4392.14,4355.73,4366.48,18871
2025-12-30 18:00:00,4366.44,4377.43,4359.33,4365.09,19105
2025-12-30 19:00:00,4365.27,4379.90,4354.75,4377.80,17222
2025-12-30 20:00:00,4377.82,4381.75,4364.35,4370.16,16133
2025-12-30 21:00:00,4369.54,4378.64,4362.67,4364.80,14430
2025-12-30 22:00:00,4364.86,4368.02,4337.67,4348.47,13184
2025-12-30 23:00:00,4348.52,4355.37,4338.06,4341.33,15501
2025-12-31 00:00:00,4341.99,4350.54,4334.31,4338.63,7830
2025-12-31 02:00:00,4342.47,4346.19,4328.12,4339.10,9725
2025-12-31 03:00:00,4339.14,4346.64,4332.69,4342.69,10639
2025-12-31 04:00:00,4342.38,4373.06,4336.82,4365.99,16460
2025-12-31 05:00:00,4366.19,4371.10,4346.55,4348.67,15859
2025-12-31 06:00:00,4348.71,4359.77,4340.87,4348.59,16378
2025-12-31 07:00:00,4348.42,4351.34,4330.83,4332.91,12344
2025-12-31 08:00:00,4333.01,4343.08,4276.29,4285.94,16269
2025-12-31 09:00:00,4286.01,4328.63,4274.63,4327.96,15632
2025-12-31 10:00:00,4328.08,4334.89,4323.71,4331.09,11677
2025-12-31 11:00:00,4330.25,4332.82,4303.38,4307.37,11646
2025-12-31 12:00:00,4307.21,4337.22,4307.21,4325.86,12172
2025-12-31 13:00:00,4326.06,4331.48,4303.57,4306.27,10343
2025-12-31 14:00:00,4306.54,4316.22,4304.10,4310.98,9969
2025-12-31 15:00:00,4310.85,4318.05,4303.10,4313.85,11951
2025-12-31 16:00:00,4313.94,4348.30,4307.98,4345.85,14986
2025-12-31 17:00:00,4345.86,4353.27,4333.00,4346.07,18239
2025-12-31 18:00:00,4346.00,4346.35,4327.39,4337.35,18644
2025-12-31 19:00:00,4337.45,4339.79,4317.13,4323.04,16139
2025-12-31 20:00:00,4323.06,4329.61,4318.11,4321.87,14074
2025-12-31 21:00:00,4321.76,4331.45,4315.79,4319.70,14572
2025-12-31 22:00:00,4320.29,4322.96,4307.85,4311.39,13580
2025-12-31 23:00:00,4311.46,4324.45,4304.61,4313.28,13860
2026-01-01 00:00:00,4313.35,4318.97,4307.04,4318.92,6826
2026-01-02 02:00:00,4329.39,4351.27,4324.41,4348.40,7537
2026-01-02 03:00:00,4348.72,4355.96,4341.46,4354.01,9165
2026-01-02 04:00:00,4354.06,4356.03,4344.59,4347.97,12394
2026-01-02 05:00:00,4347.94,4363.11,4345.09,4362.89,11421
2026-01-02 06:00:00,4362.89,4375.56,4362.13,4375.04,11263
2026-01-02 07:00:00,4375.00,4378.31,4371.30,4373.22,10023
2026-01-02 08:00:00,4373.45,4381.59,4371.10,4380.69,9790
2026-01-02 09:00:00,4380.70,4380.93,4373.32,4374.67,9814
2026-01-02 10:00:00,4374.97,4383.33,4371.99,4382.79,11074
2026-01-02 11:00:00,4382.31,4397.35,4380.69,4386.97,10823
2026-01-02 12:00:00,4386.91,4391.57,4383.30,4385.45,9341
2026-01-02 13:00:00,4385.49,4398.50,4384.64,4396.17,9319
2026-01-02 14:00:00,4396.14,4399.26,4390.72,4392.93,8220
2026-01-02 15:00:00,4392.69,4398.27,4385.26,4394.40,10569
2026-01-02 16:00:00,4394.51,4402.29,4362.05,4365.90,15605
2026-01-02 17:00:00,4365.64,4373.65,4348.13,4353.40,17894
2026-01-02 18:00:00,4352.43,4357.05,4330.25,4335.46,19783
2026-01-02 19:00:00,4335.14,4337.40,4315.17,4326.47,19292
2026-01-02 20:00:00,4325.88,4333.52,4322.76,4322.99,16336
2026-01-02 21:00:00,4322.36,4323.61,4309.93,4315.18,15679
2026-01-02 22:00:00,4315.22,4326.26,4315.22,4318.12,14183
2026-01-02 23:00:00,4318.09,4331.57,4317.16,4331.44,12817
2026-01-03 00:00:00,4331.40,4333.31,4327.06,4332.75,5163
2026-01-05 02:00:00,4353.83,4375.82,4345.01,4372.49,11952
